Nurses,Sample,Soln,Seed,Precision,Recall,Time
10,50,1,0,100.0,4.081632653061225,0.030672380000060003
10,50,10,0,100.0,87.5,0.3036307999998826
10,50,20,0,100.0,90.0,0.6037316000002647
10,50,40,0,100.0,0.0,1.2068391999993764
